processo,setor,ordem,data,chars,hit,trecho
000133/2022,GCPRO,46,05/02/2024,1337,True,"autos ao Gabinete do Exmo. Sr. Conselheiro Relator, sugerindo-se o encaminhamento dos autos à DAE para que verifique a possibilidade de proceder com os descontos em folha do montante devido pela parte executada, na forma do referido artigo”. Diante do exposto, encaminhem-se os autos à Diretoria de Atos e Execuções - DAE, para que verifique a possibilidade de proceder com os d"
002701/2022,GCPRO,53,02/07/2024,641,False,
002701/2022,GCPRO,54,02/07/2024,1224,False,
005310/2017,GCREN,80,20/10/2025,605,False,
005310/2017,GCREN,82,10/11/2025,609,False,
005310/2017,GCREN,51,30/01/2020,1038,False,
005310/2017,GCREN,57,18/02/2020,971,False,
005310/2017,GCREN,62,17/09/2020,1886,False,
005310/2017,GCREN,67,01/04/2022,742,True,"OFERIDA NOS AUTOS DO PROCESSO Nº 2261/2008-TC CONSELHEIRO RELATOR: RENATO COSTA DIAS DESPACHO Natal – RN, 01/04/2022 Observa-se nos autos pend ência na comprovação de repasse do desconto em folha no contracheque do Sr. Zenildo Batista de Sousa, conforme depreende-se do Despacho (Evento 51) da DAE, razão pela qual, antes do prosseguimento do feito executório, entendo oportuno o encaminhamento do f eito à Diretoria de Administração Geral –"
003078/2022,GCCTH,56,03/07/2023,1890,True,"son Costa Fernandes Processo nº 003078/2022–TC DESPACHO No processo à epígrafe, o órgão com a qual a parte executada mantém vínculo empregatício público ainda não foi instado a proceder ao desconto da dívida exequenda na remuneração do devedor, nos termos do que previsto n o art. 108, I, da LCE nº 464/2012. Ocorre que, nos autos da Ação Direta de Inconstitucionalidade nº 0808846 -43.2020.8.20.0000, o Plenário do Tribunal de Justiça do Estado do Ri"
003064/2022,GCCTH,59,04/07/2023,1890,True,"son Costa Fernandes Processo nº 003064/2022–TC DESPACHO No processo à epígrafe, o órgão com a qual a parte executada mantém vínculo empregatício público ainda não foi instado a proceder ao desconto da dívida exequenda na remuneração do devedor, nos termos do que previsto n o art. 108, I, da LCE nº 464/2012. Ocorre que, nos autos da Ação Direta de Inconstitucionalidade nº 0808846 -43.2020.8.20.0000, o Plenário do Tribunal de Justiça do Estado do Ri"
000130/2023,GCCTH,56,18/09/2023,1842,True,"Processo: 000130/2023-TC DESPACHO No processo à epígrafe, o órgão com a qual a parte executada mantém vínculo público ainda não foi instado a proceder ao desconto da dívida exequenda na remuneração do devedor, nos termos do que previsto no art. 118, I, da LCE nº 464/2012. Ocorre que, nos autos da Ação Direta de Inconstitucionalidade nº 0808846-43.2020.8.20.0000, o Plenário do Tribunal d"
003023/2022,GCCTH,58,11/10/2023,1842,True,"Processo: 003023/2022-TC DESPACHO No processo à epígrafe, o órgão com a qual a parte executada mantém vínculo público ainda não foi instado a proceder ao desconto da dívida exequenda na remuneração do devedor, nos termos do que previsto no art. 118, I, da LCE nº 464/2012. Ocorre que, nos autos da Ação Direta de Inconstitucionalidade nº 0808846-43.2020.8.20.0000, o Plenário do Tribunal d"
003659/2022,GCCTH,67,11/10/2023,1842,True,"Processo: 003659/2022-TC DESPACHO No processo à epígrafe, o órgão com a qual a parte executada mantém vínculo público ainda não foi instado a proceder ao desconto da dívida exequenda na remuneração do devedor, nos termos do que previsto no art. 118, I, da LCE nº 464/2012. Ocorre que, nos autos da Ação Direta de Inconstitucionalidade nº 0808846-43.2020.8.20.0000, o Plenário do Tribunal d"
000142/2023,GCAED,69,23/07/2024,5374,True,"úblico de Contas, Dr. Luciano Silva Costa Ramos, em que se opinou pelo encaminhamento dos autos à Diretoria de Atos e Execuções – DAE para que fosse verificada a possibilidade de proceder com os descontos em folha do montante devido pela parte executada, na forma do artigo 118, I, da Lei Complementar Estadual nº 464/2012. 4. A princípio, ressalta -se que o processo o qual originou a decisão executada não consta na lista daqueles que estão sendo analisados"
002564/2024,GCAED,54,10/10/2024,10845,True,"úblico de Contas, Dr. Luciano Silva Costa Ramos, em que se opinou pelo encaminhamento dos autos à Diretoria de Atos e Execuções – DAE para que fosse verificado a possibilidade de proceder com os descontos em folha do montante devido pela parte executada, na forma do artigo 118, I, da Lei Complementar Estadual nº 464/2012. 4. A princípio, ressalta-se que o processo o qual originou a decisão executada não consta na lista daqueles que estão sendo analisados n"
002062/2024,GCAED,46,23/10/2024,10416,True,"Público de Contas, Dr. Luciano Silva Costa Ramos, em que se opinou pelo encaminhamento dos autos à Diretoria de Atos e Execuções – DAE para que fosse verificado a possibilidade de proceder com os descontos em folha do montante devido pela parte executada, na forma do artigo 118, I, da Lei Complementar Estadual nº 464/2012. 4. A princípio, ressalta-se que o processo o qual originou a decisão executada não consta na lista daqueles qu e estão sendo analisados"
000101/2022,GCAED,55,24/10/2024,5342,True,"úblico de Contas, Dr. Luciano Silva Costa Ramos, em que se opinou pelo encaminhamento dos autos à Diretoria de Atos e Execuções – DAE para que fosse verificado a possibilidade de proceder com os descontos em folha do montante devido pela parte executada, na forma do artigo 118, I, da Lei Complementar Estadual nº 464/2012. 4. A princípio, ressalta -se que o processo o qual originou a decisão executada não consta na lista daqueles que estão sendo analisados"
003380/2024,GCAED,71,11/12/2025,1251,False,
000130/2023,GCCTH,64,02/02/2024,1010,True,"recente decisão do Supremo Tribunal Federal na Suspensão de Liminar nº 1.691/RN, em que a Suprema Corte confirmou a competência deste Tribunal de Contas para determinar o desconto em folha de pagamento do servidor que tenha sido condenado ao pagamento de multa ou ressarcimento em sede de respectivo processo de contas, determino a remessa dos autos à Diretoria de Atos e Execuções – DAE, a fim de qu"
003064/2022,GCCTH,66,02/02/2024,1010,True,"recente decisão do Supremo Tribunal Federal na Suspensão de Liminar nº 1.691/RN, em que a Suprema Corte confirmou a competência deste Tribunal de Contas para determinar o desconto em folha de pagamento do servidor que tenha sido condenado ao pagamento de multa ou ressarcimento em sede de respectivo processo de contas, determino a remessa dos autos à Diretoria de Atos e Execuções – DAE, a fim de qu"
003078/2022,GCCTH,64,02/02/2024,1010,True,"recente decisão do Supremo Tribunal Federal na Suspensão de Liminar nº 1.691/RN, em que a Suprema Corte confirmou a competência deste Tribunal de Contas para determinar o desconto em folha de pagamento do servidor que tenha sido condenado ao pagamento de multa ou ressarcimento em sede de respectivo processo de contas, determino a remessa dos autos à Diretoria de Atos e Execuções – DAE, a fim de qu"
003659/2022,GCCTH,73,27/02/2024,980,True,"bem como c onsiderando recente decisão do Supremo Tribunal Federal na Suspensão de Liminar nº 1.691/RN, em que a Suprema Corte confirmou a competência dest e Tribunal de Contas para determinar o desconto em folha de pagamento do servidor que tenha sido condenado ao pagamento de multa ou ressarcimento em sede de respectivo processo de con tas, determino a remessa dos autos à Diretoria de Atos e Execuções – DAE, a fi m de adote as medidas executórias ne"
003023/2022,GCCTH,64,27/02/2024,1021,True,"bem como c onsiderando recente decisão do Supremo Tribunal Federal na Suspensão de Liminar nº 1.691/RN, em que a Suprema Corte confirmou a competência dest e Tribunal de Contas para determinar o desconto em folha de pagamento do servidor que tenha sido condenado ao pagamento de multa ou ressarcimento em sede de respectivo processo de con tas, determino a remessa dos autos à Diretoria de Atos e Execuções – DAE, a fim de adote as medidas executórias nece"
003659/2022,GCCTH,77,06/05/2026,2838,True,"l o Pleno deste Tribunal julgou pela aplicação de multa ao Sr. Nereu Batista Linhares, em razão do descumprimento de determinação desta Corte, bem como determinou a efetivação de desconto integral do valor correspondente à sanção pecuniária nos respectivos vencimentos, subsídios, salários ou proventos, em caso de não recolhimento espontâneo. Em 27/04/2026 os autos foram recebidos neste Gabinete com manifestação do Corpo Técnico da"
003023/2022,GCCTH,68,06/05/2026,2839,True,"l o Pleno deste Tribunal julgou pela aplicação de multa ao Sr. Nereu Batista Linhares, em razão do descumprimento de determinação desta Corte, bem como determinou a efetivação de desconto integral do valor correspondente à sanção pecuniária nos respectivos vencimentos, subsídios, salários ou proventos, em caso de não recolhimento espontâneo. Em 27/04/2026 os autos foram recebidos neste Gabinete com manifestação do Corpo Técnico da"
005310/2017,GCREN,71,08/05/2023,2283,False,
005310/2017,GCREN,72,06/02/2024,1098,False,
000115/2022,GCADE,44,06/02/2024,700,False,
000119/2022,GCADE,44,06/02/2024,699,False,
003006/2022,GCADE,44,06/02/2024,704,False,
000123/2022,GCADE,42,06/02/2024,711,False,
000134/2022,GCADE,62,06/02/2024,702,False,
000130/2023,GCGIL,74,24/01/2025,1247,True,"rto de Oliveira Jales Relator 1 Art. 118. Expirado o prazo do art. 117 sem manifestação do respons ável, pode o Tribunal: I - impor-lhe o desconto integral da dívida nos respectivos vencimentos, salários ou proventos, observados os limites previstos na legislação aplicável; (...)"
002701/2022,GCGIL,63,28/01/2026,1585,False,
